{"cameraMode":{"drawMode":0,"name":"Shaded","section":"Shading Mode"},"sceneLighting":true,"audioPlay":false,"sceneViewState":{"m_AlwaysRefresh":false,"showFog":false,"showSkybox":false,"showFlares":false,"showImageEffects":false,"showParticleSystems":false,"showVisualEffectGraphs":false,"m_FxEnabled":true},"in2DMode":false,"pivot":{"x":-0.09191189706325531,"y":1.458431363105774,"z":0.7411912083625794},"rotation":{"x":-0.1569211184978485,"y":0.05389243736863136,"z":-0.008575784973800183,"w":-0.9861024022102356},"size":2.8856403827667238,"orthographic":false}