{"cameraMode":{"drawMode":0,"name":"Shaded","section":"Shading Mode"},"sceneLighting":true,"audioPlay":false,"sceneViewState":{"m_AlwaysRefresh":false,"showFog":true,"showSkybox":true,"showFlares":true,"showImageEffects":true,"showParticleSystems":true,"showVisualEffectGraphs":true,"m_FxEnabled":true},"in2DMode":false,"pivot":{"x":-0.33826377987861636,"y":2.947866916656494,"z":-2.703321933746338},"rotation":{"x":0.08537843078374863,"y":-0.02032209374010563,"z":0.0017419393407180906,"w":0.9961405396461487},"size":0.310732901096344,"orthographic":false}