{"cameraMode":{"drawMode":0,"name":"Shaded","section":"Shading Mode"},"sceneLighting":true,"audioPlay":false,"sceneViewState":{"m_AlwaysRefresh":false,"showFog":false,"showSkybox":false,"showFlares":false,"showImageEffects":false,"showParticleSystems":false,"showVisualEffectGraphs":false,"m_FxEnabled":true},"in2DMode":false,"pivot":{"x":-0.08814632892608643,"y":1.566376805305481,"z":2.362931728363037},"rotation":{"x":-0.11679279059171677,"y":0.06460464745759964,"z":-0.007613471243530512,"w":-0.9910238981246948},"size":3.3538243770599367,"orthographic":false}